-- 海洋生物知识库 测试数据初始化脚本
-- 用于开发和测试环境

USE ocean_knowledge;

-- 插入测试用户
-- 密码都是: test123，盐值: ocean_knowledge_salt_2026
-- MD5(test123 + ocean_knowledge_salt_2026) = 4a8b5c6d7e8f9a0b1c2d3e4f5a6b7c8d
INSERT IGNORE INTO `user` (`id`, `login_name`, `name`, `password`, `role`) VALUES
(1001, 'testuser1', '测试用户1', '4a8b5c6d7e8f9a0b1c2d3e4f5a6b7c8d', 'user'),
(1002, 'testuser2', '测试用户2', '4a8b5c6d7e8f9a0b1c2d3e4f5a6b7c8d', 'user'),
(1003, 'researcher', '海洋研究员', '4a8b5c6d7e8f9a0b1c2d3e4f5a6b7c8d', 'user');

-- 插入更多测试分类
INSERT IGNORE INTO `category` (`id`, `parent`, `name`, `sort`) VALUES
(2001, 0, '鲨鱼', 5),
(2002, 0, '海龟', 6),
(2003, 0, '海鸟', 7),
(2011, 2001, '大白鲨', 1),
(2012, 2001, '鲸鲨', 2),
(2021, 2002, '绿海龟', 1),
(2022, 2002, '棱皮龟', 2),
(2031, 2003, '信天翁', 1),
(2032, 2003, '海鸥', 2);

-- 插入更多测试电子书
INSERT IGNORE INTO `ebook` (`id`, `name`, `category1_id`, `category2_id`, `description`, `doc_count`, `view_count`, `vote_count`) VALUES
(200001, '鲨鱼全解', 2001, 2011, '详细介绍各种鲨鱼的生活习性和特征', 0, 0, 0),
(200002, '海龟保护手册', 2002, 2021, '关于海龟保护的重要知识和方法', 0, 0, 0),
(200003, '深海生物探秘', 1001, 1011, '探索深海世界的神秘生物', 0, 0, 0),
(200004, '海洋哺乳动物大全', 1002, 1021, '涵盖所有海洋哺乳动物的详细资料', 0, 0, 0);

-- 插入测试文档（属于海洋生物图鉴）
INSERT IGNORE INTO `doc` (`id`, `ebook_id`, `parent`, `name`, `sort`, `view_count`, `vote_count`) VALUES
(300001, 100001, 0, '热带鱼类概述', 1, 100, 15),
(300002, 100001, 300001, '珊瑚礁生态系统', 1, 80, 12),
(300003, 100001, 300001, '热带鱼分类', 2, 60, 8),
(300004, 100001, 0, '深海鱼类特征', 2, 150, 20),
(300005, 100001, 300004, '发光鱼类', 1, 90, 10),
(300006, 100001, 300004, '深海鮟鱇鱼', 2, 70, 9),
-- 属于鲸鱼百科的文档
(300007, 100002, 0, '蓝鲸介绍', 1, 200, 30),
(300008, 100002, 300007, '蓝鲸的生活习性', 1, 120, 18),
(300009, 100002, 300007, '蓝鲸的迁徙', 2, 90, 15),
(300010, 100002, 0, '座头鲸', 2, 180, 25),
-- 属于鲨鱼全解的文档
(300011, 200001, 0, '大白鲨特征', 1, 160, 22),
(300012, 200001, 300011, '大白鲨的捕食行为', 1, 110, 16),
(300013, 200001, 0, '鲸鲨简介', 2, 140, 19),
-- 属于海龟保护手册的文档
(300014, 200002, 0, '绿海龟生态', 1, 130, 17),
(300015, 200002, 300014, '绿海龟繁殖', 1, 85, 11);

-- 插入文档内容
INSERT IGNORE INTO `content` (`id`, `content`) VALUES
(300001, '<h1>热带鱼类概述</h1><p>热带鱼类是指生活在热带海域的鱼类，它们通常具有鲜艳的颜色和独特的形态。这些鱼类主要分布在珊瑚礁周围，形成了丰富多彩的生态系统。</p><p>热带鱼类在海洋生态系统中扮演着重要角色，不仅是食物链的重要环节，也是海洋生物多样性的体现。</p>'),
(300002, '<h2>珊瑚礁生态系统</h2><p>珊瑚礁是热带海洋中最具生物多样性的生态系统之一。它为无数海洋生物提供了栖息地和食物来源。</p><p>珊瑚礁生态系统包括珊瑚、鱼类、软体动物、甲壳类等多种生物，它们之间形成了复杂的食物网。</p>'),
(300003, '<h2>热带鱼分类</h2><p>热带鱼可以根据不同的分类标准进行划分，常见的分类方式包括：</p><ul><li>按栖息地分类：珊瑚礁鱼类、深海鱼类等</li><li>按食性分类：草食性、肉食性、杂食性</li><li>按体型分类：小型、中型、大型</li></ul>'),
(300004, '<h1>深海鱼类特征</h1><p>深海鱼类生活在海洋深处，通常在200米以下的水域。由于环境特殊，它们具有许多独特的适应性特征。</p><p>主要特征包括：发光器官、巨大的嘴、可扩张的胃、特殊的视觉系统等。</p>'),
(300005, '<h2>发光鱼类</h2><p>许多深海鱼类具有发光能力，这种生物发光现象主要用于：</p><ul><li>吸引猎物</li><li>迷惑捕食者</li><li>种群内交流</li><li>寻找配偶</li></ul>'),
(300006, '<h2>深海鮟鱇鱼</h2><p>深海鮟鱇鱼是最著名的深海鱼类之一，雌鱼头部有一个发光的诱饵，用于吸引猎物。雄鱼体型极小，寄生在雌鱼身上。</p>'),
(300007, '<h1>蓝鲸介绍</h1><p>蓝鲸是地球上已知存在过的最大动物，体长可达30米，体重可达180吨。尽管体型巨大，蓝鲸主要以小型甲壳类动物——磷虾为食。</p><p>蓝鲸属于须鲸类，没有牙齿，而是用鲸须板过滤海水中的食物。</p>'),
(300008, '<h2>蓝鲸的生活习性</h2><p>蓝鲸是群居动物，通常单独或成对活动。它们每天需要消耗约4吨磷虾来满足能量需求。</p><p>蓝鲸的叫声是动物界中最响亮的，可以达到188分贝，传播距离超过800公里。</p>'),
(300009, '<h2>蓝鲸的迁徙</h2><p>蓝鲸会进行长距离迁徙，夏季在极地海域觅食，冬季则迁移到温暖的水域繁殖。</p><p>迁徙路线通常跨越数千公里，是动物界中最壮观的迁徙之一。</p>'),
(300010, '<h1>座头鲸</h1><p>座头鲸以其复杂的歌声和跃出水面的行为而闻名。成年座头鲸体长可达16米，体重约30吨。</p><p>它们以其独特的捕食方式——气泡网捕食法而著称。</p>'),
(300011, '<h1>大白鲨特征</h1><p>大白鲨是海洋中最著名的掠食者之一，体长可达6米，体重超过2吨。它们具有出色的嗅觉和电磁感应能力。</p><p>大白鲨的牙齿呈三角形，边缘有锯齿，可以轻易撕裂猎物。</p>'),
(300012, '<h2>大白鲨的捕食行为</h2><p>大白鲨是顶级掠食者，主要捕食海豹、海狮和其他海洋哺乳动物。它们通常从下方发起突袭，利用冲击力使猎物失去行动能力。</p>'),
(300013, '<h1>鲸鲨简介</h1><p>鲸鲨是世界上最大的鱼类，体长可达12米。尽管体型巨大，鲸鲨却是温和的滤食性动物，主要以浮游生物和小型鱼类为食。</p><p>鲸鲨身上的斑点图案是独一无二的，就像人类的指纹一样。</p>'),
(300014, '<h1>绿海龟生态</h1><p>绿海龟是分布最广的海龟种类，因其脂肪呈绿色而得名。成年绿海龟体长可达1.5米，体重约190公斤。</p><p>绿海龟是杂食性动物，主要以海草和藻类为食。</p>'),
(300015, '<h2>绿海龟繁殖</h2><p>绿海龟在沙滩上产卵，每次可产100-200枚卵。孵化期约为60天，幼龟在夜间爬向大海。</p><p>性别由孵化温度决定，温度较高时孵化出的多为雌性。</p>');

-- 插入测试笔记
INSERT IGNORE INTO `note` (`id`, `user_id`, `title`, `content`, `is_public`, `view_count`, `vote_count`) VALUES
(400001, 1001, '我的海洋生物观察笔记', '<h1>海洋生物观察记录</h1><p>今天在珊瑚礁区域观察到了多种热带鱼类，包括小丑鱼、蝴蝶鱼和鹦嘴鱼。</p><p>特别注意到珊瑚白化现象比较严重，需要关注海洋环境保护。</p>', 1, 45, 8),
(400002, 1002, '深海探索心得体会', '<h1>深海探索心得</h1><p>通过文献学习和实地考察，对深海生物的适应性有了更深入的理解。</p><p>深海生物的发光机制特别有趣，值得进一步研究。</p>', 1, 32, 5),
(400003, 1003, '海洋保护倡议书', '<h1>保护海洋生态</h1><p>海洋是地球的生命之源，但正面临严重的污染和过度捕捞威胁。</p><p>我们每个人都可以从减少塑料使用、支持可持续渔业等方面做出贡献。</p>', 1, 89, 15),
(400004, 1001, '私人研究笔记', '<h1>研究数据记录</h1><p>这是私人的研究笔记，记录了尚未发表的研究成果和数据分析。</p>', 0, 12, 2);

-- 插入AI对话测试数据
INSERT IGNORE INTO `ai_conversation` (`id`, `user_id`, `title`) VALUES
('conv_test_001', 1001, '关于珊瑚礁生态的咨询'),
('conv_test_002', 1002, '鲸鱼保护相关问题'),
('conv_test_003', 1, 'AI助手功能测试');

INSERT IGNORE INTO `ai_message` (`id`, `conversation_id`, `role`, `content`, `prompt_tokens`, `completion_tokens`) VALUES
('msg_001', 'conv_test_001', 'user', '请介绍一下珊瑚礁生态系统的重要性', 15, 0),
('msg_002', 'conv_test_001', 'assistant', '珊瑚礁生态系统是海洋中最具生物多样性的生态系统之一。它仅占海洋面积的不到1%，却为约25%的海洋物种提供了栖息地。珊瑚礁还具有保护海岸线免受侵蚀、支持渔业和旅游业等重要功能。', 20, 85),
('msg_003', 'conv_test_002', 'user', '如何保护鲸鱼免受威胁？', 12, 0),
('msg_004', 'conv_test_002', 'assistant', '保护鲸鱼需要多方面的努力：1) 减少海洋污染，特别是塑料污染；2) 建立海洋保护区；3) 规范航运活动，减少船只撞击；4) 限制商业捕鲸；5) 减少噪音污染对鲸鱼通讯的影响。', 18, 92),
('msg_005', 'conv_test_003', 'user', '你能帮我整理海洋生物资料吗？', 14, 0),
('msg_006', 'conv_test_003', 'assistant', '当然可以！我可以帮助您整理海洋生物资料，包括分类、特征、分布区域、保护状况等信息。请告诉我您具体需要整理哪些方面的资料。', 16, 78);

-- 插入AI用量日志测试数据
INSERT IGNORE INTO `ai_usage_log` (`user_id`, `feature`, `provider`, `model`, `prompt_tokens`, `completion_tokens`, `total_tokens`, `cost_yuan`, `latency_ms`, `status`) VALUES
(1001, 'chat', 'deepseek', 'deepseek-chat', 120, 85, 205, 0.002050, 1200, 'success'),
(1002, 'note', 'deepseek', 'deepseek-chat', 95, 92, 187, 0.001870, 950, 'success'),
(1, 'chat', 'deepseek', 'deepseek-chat', 80, 78, 158, 0.001580, 800, 'success'),
(1001, 'doc_assist', 'deepseek', 'deepseek-chat', 200, 150, 350, 0.003500, 1500, 'success'),
(1003, 'chat', 'deepseek', 'deepseek-chat', 110, 90, 200, 0.002000, 1100, 'success');

-- 更新电子书的文档数量
UPDATE `ebook` SET `doc_count` = 6 WHERE `id` = 100001;
UPDATE `ebook` SET `doc_count` = 4 WHERE `id` = 100002;
UPDATE `ebook` SET `doc_count` = 3 WHERE `id` = 200001;
UPDATE `ebook` SET `doc_count` = 2 WHERE `id` = 200002;
UPDATE `ebook` SET `doc_count` = 0 WHERE `id` = 200003;
UPDATE `ebook` SET `doc_count` = 0 WHERE `id` = 200004;

-- 插入电子书快照测试数据
INSERT IGNORE INTO `ebook_snapshot` (`ebook_id`, `date`, `view_count`, `vote_count`, `view_increase`, `vote_increase`) VALUES
(100001, '2026-06-10', 250, 35, 50, 8),
(100001, '2026-06-11', 320, 45, 70, 10),
(100001, '2026-06-12', 400, 55, 80, 10),
(100001, '2026-06-13', 480, 68, 80, 13),
(100001, '2026-06-14', 550, 78, 70, 10),
(100002, '2026-06-10', 180, 25, 40, 5),
(100002, '2026-06-11', 240, 35, 60, 10),
(100002, '2026-06-12', 310, 45, 70, 10),
(100002, '2026-06-13', 390, 58, 80, 13),
(100002, '2026-06-14', 460, 70, 70, 12);

-- 显示插入的数据统计
SELECT '测试数据初始化完成！' AS message;
SELECT COUNT(*) AS user_count FROM `user`;
SELECT COUNT(*) AS category_count FROM `category`;
SELECT COUNT(*) AS ebook_count FROM `ebook`;
SELECT COUNT(*) AS doc_count FROM `doc`;
SELECT COUNT(*) AS content_count FROM `content`;
SELECT COUNT(*) AS note_count FROM `note`;
SELECT COUNT(*) AS conversation_count FROM `ai_conversation`;
SELECT COUNT(*) AS message_count FROM `ai_message`;
SELECT COUNT(*) AS usage_log_count FROM `ai_usage_log`;
SELECT COUNT(*) AS snapshot_count FROM `ebook_snapshot`;
